label,suspect_id,region,GEOID,confidence,operating_status,ur_class,pop_total,svi_overall,tract_school_records_before,tract_school_records_after_reviewed_exclusion,binary_school_label_presence_changes,comparator_id,separation_km,nearest_remaining_school_label,nearest_remaining_school_label_km,minimum_tile_zoom,official_url,nces_id
Moe & Gene Johnson High School,2b483ffc-45d6-41a3-9e15-252141a28c15,south-central-tx,48047950100,0.9722161889076232,open,Rural,2236,0.9109,1,0,True,c19efedd-c59a-4d99-b92c-1d6af4d8fdf3,342.225,Ramirez Elementary School,31.939,7.0,https://www.hayscisd.net/o/jhs,480001013567
Seagoville Middle School,cc1ded36-062a-4468-a18e-695aa1bb52f4,south-central-tx,48257051201,0.9475890398025512,,Rural,3817,0.7641,1,0,True,94000e77-d576-49fc-94fd-55e2f403010c,36.388,O.P. Norman Junior High School,8.115,14.0,https://seagovillemiddle.dallasisd.org/our-school/school-contact-information,481623001353
Meadows Elementary School,d6cab405-9f77-4901-87cb-5fb928dd0a80,south-central-tx,48099980000,0.9763929843902588,,Rural,35,,1,0,True,e3de1695-c160-42d0-8b1a-7aec399ad959,27.27,Gatesville Intermediate School,6.324,,https://mes.killeenisd.org/o/meadows,482566002874
Happy Camp High School,61281033-1be5-4ac5-8f3e-5a410a791fff,northern-ca,06093000800,0.9327213168144226,,Rural,3370,0.7052,9,8,False,249bb167-b742-4eb0-a38d-96e6476f84c6,39.233,"Quartz Valley Elementary School Apparel Store - Fort Jones, CA",19.381,15.0,https://www.happycamp-highschool.com/o/hchs/page/contact,063694006277
McCloud High School,c47dc5d8-1fd4-4221-be96-22dc15e07be9,northern-ca,06089012606,0.9048563838005066,,Rural,3346,0.7991,7,6,False,2d59cc6b-6a64-4a5e-881a-0b125f312b24,17.409,Indian Springs Elementary School,15.196,,https://www.mccloud-highschool.com/,063694006278
Horse Heaven Hills Middle School,3724a7c0-8fcd-47ba-9aab-65d61b89a5e7,eastern-wa,53077002701,0.9722161889076232,open,Rural,3010,0.9656,4,3,False,85ae45a2-b961-43ab-8964-83a6ad0fceb6,55.529,Keene-Riverview Elementary School,10.367,,https://horseheavenhills.ksd.org/contact-us,530393000750
Piner Middle School,7637046a-2843-45ca-9e34-20f7f7778081,eastern-ok,40013795900,0.953568398952484,open,Rural,1607,0.5544,5,4,False,e14a283c-ec81-4aa8-b338-d0b86977a01c,28.204,Bloomfield Academy,9.801,9.0,https://www.shermanisd.net/schools/middle-schools,484008004549
U.S. Grant High School,a233c100-53ac-4a63-9d3f-5c236c1617c1,south-central-tx,48305950400,0.9722161889076232,,Rural,2178,0.6815,5,4,False,30a3fba5-c733-4019-bdd3-ac0272ed4bfc,441.341,Southland School,9.608,11.0,https://grant.okcps.org/our-school/general-information/contact-us,402277001139
Southern Boone School District,fdca9dbd-4348-492d-8c21-d461c767e760,eastern-ok,40107080900,0.9602150917053224,,Rural,3449,0.8906,9,8,False,,,Oakes Elementary School,3.242,9.0,https://www.sbschools.us/,2928560
