name,category,confidence,operating_status,lon,lat,GEOID,ur_class,pop_total,svi_covered,svi_overall,tribal_pct,usfs_covered,usfs_BP_mean,region,tract_school_records,name_key,id,minimum_tile_zoom,point_state,address_states,address_state_mismatch
Piner Middle School,middle_school,0.953568398952484,open,-96.328125,33.724339661748,40013795900,Rural,1607,True,0.5544,0.9999999999999984,True,0.0008986686552063,eastern-ok,5,pinermiddleschool,7637046a-2843-45ca-9e34-20f7f7778081,9,OK,['TX'],True
Southern Boone School District,school,0.9602150917053224,,-96.328125,35.460669951495,40107080900,Rural,3449,True,0.8906,0.9999999999999988,True,0.0159179059441306,eastern-ok,9,southernbooneschooldistrict,fdca9dbd-4348-492d-8c21-d461c767e760,9,OK,['MO'],True
Heatherwood Hawks ASB,middle_school,0.8917163014411926,,-121.9921875,46.558860303117,53041972000,Rural,2877,True,0.2881,0.0013409200288384,True,0.0070402223679121,eastern-wa,5,heatherwoodhawksasb,bf05f6f2-f2dc-45a8-88ef-95b353c51581,10,WA,['WA'],False
Lakewood Elementary PTA,elementary_school,0.7288208603858948,,-121.640625,47.040182144807,53053070100,Rural,3900,True,0.3301,0.0,True,0.0051608309632338,eastern-wa,3,lakewoodelementarypta,5804587e-8508-4a62-a8c3-4261289cb776,9,WA,['WA'],False
Transform Education Now,school,0.3335241675376892,,-109.6875,32.546813173515,04009961600,Rural,2563,True,0.3912,0.0,True,0.0079073629234163,maricopa-az,2,transformeducationnow,a1f3c5f7-0521-431b-9950-185862ffd22d,9,AZ,['CO'],True
"Dodge City CC Chandler, AZ Flight Instructor Program",school,0.4553887546062469,,-112.08938598633,33.344296019136,04013116733,Rural,11,True,,0.0,True,0.0035011404418899,maricopa-az,2,dodgecityccchandlerazflightinstructorprogram,f1bae955-af2e-4559-bd07-ca468f5c0593,18,AZ,['AZ'],False
Udyan Model School,private_school,0.7659355998039246,,-110.7421875,33.724339661748,04007940200,Rural,1825,True,0.9212,1.0,True,0.0069378168259408,maricopa-az,3,udyanmodelschool,f0fe940d-fa46-492e-b3ce-f39b18da75cb,10,AZ,[],False
Shakti Temple Arts,school,0.1534478962421417,,-122.34375,39.909736234537,06103000300,Rural,4682,True,0.717,0.0,True,0.0301837064998114,northern-ca,8,shaktitemplearts,fbe4658f-8091-495b-ac35-b0c55e54fcdf,8,CA,['CA'],False
Happy Camp High School,high_school,0.9327213168144226,,-123.15673828125,41.483891042672,06093000800,Rural,3370,True,0.7052,0.0009505967067994,True,0.0210605731316554,northern-ca,9,happycamphighschool,61281033-1be5-4ac5-8f3e-5a410a791fff,15,CA,['CA'],False
Grandview Elementary First Grade,elementary_school,0.7510831356048584,,-97.169952392578,32.261588020545,48251130501,Rural,3614,True,0.3036,0.0,True,0.0021845593075353,south-central-tx,6,grandviewelementaryfirstgrade,b833a3af-8833-416b-978b-028adbb76fc3,18,TX,['TX'],False
"LowCounty Medical Training Center, LLC",school,0.842405378818512,open,-95.2734375,32.546813173515,48423001502,Rural,3734,True,0.7041,0.0,True,0.001359593140572,south-central-tx,4,lowcountymedicaltrainingcenterllc,98d1a295-367b-45a8-8fbb-e4b82572ed56,10,TX,['TX'],False
U.S. Grant High School,school,0.9722161889076232,,-101.6015625,33.284619968888,48305950400,Rural,2178,True,0.6815,0.0,True,0.0026823148073695,south-central-tx,5,usgranthighschool,a233c100-53ac-4a63-9d3f-5c236c1617c1,11,TX,[],False
Aim High College,school,0.5301451683044434,,-97.734375,30.183121842196,48453002448,Urban,7222,True,0.4526,0.0,True,0.0003902995312691,south-central-tx,10,aimhighcollege,1a9ecc6c-6fe9-490a-8e1a-529d80f88380,13,TX,['TX'],False
Lakeview Elementary,elementary_school,0.9033488631248474,,-99.140625,30.751277776258,48319950200,Rural,1784,True,0.2778,0.0,True,0.001967073609426,south-central-tx,1,lakeviewelementary,c5484503-726f-4b8c-9612-1a6965679451,9,TX,['TX'],False
Little Steps Montessori,school,0.7302505970001221,,-96.61376953125,33.16514540824,48085030903,Urban,7763,True,0.9868,0.0,True,0.0004614149429408,south-central-tx,4,littlestepsmontessori,e9ba9839-6edd-4dd4-b50d-67953709f5e5,15,TX,['TX'],False
Kilgore Middle School,middle_school,0.9081242680549622,,-94.8779296875,32.287132632616,48401950400,Rural,4985,True,0.7871,0.0,True,0.0010952861037313,south-central-tx,7,kilgoremiddleschool,cbf10a4a-d665-4de1-a9aa-49533793aa79,13,TX,[],False
Schimelpfenig Middle School,school,0.9722161889076232,open,-96.751098632812,33.063924198121,48085031636,Urban,6554,True,0.3747,0.0,True,8.247028137675604e-06,south-central-tx,3,schimelpfenigmiddleschool,60462144-2a2d-46ac-a297-d0d89902b9e4,16,TX,['TX'],False
Seagoville Middle School,public_school,0.9475890398025512,,-96.240234375,32.528289364825,48257051201,Rural,3817,True,0.7641,0.0,True,0.0013570082235492,south-central-tx,1,seagovillemiddleschool,cc1ded36-062a-4468-a18e-695aa1bb52f4,14,TX,['TX'],False
Co-Lin Early Childhood Education,school,0.7328811883926392,,-95.965576171875,29.649868677972,48157673300,Urban,8025,True,0.1134,0.0,True,0.0012956661821525,south-central-tx,2,colinearlychildhoodeducation,90cc8a22-01e8-4094-87c1-d1688139ea08,15,TX,['MS'],True
BAMO 9th Grade Campus,high_school,0.7906635403633118,,-98.4375,27.683528083788,48131950500,Rural,2280,True,0.9068,0.0,True,0.0019129337324877,south-central-tx,6,bamo9thgradecampus,8b45af00-ba24-4a0d-ab0e-99fc41bb3405,9,TX,['TX'],False
USD #327 Ellsworth/Kanopolis/Geneseo,public_school,0.8217124938964844,,-98.7890625,27.059125784374,48247950400,Rural,2746,True,0.8112,0.0,True,0.0023059392973723,south-central-tx,2,usd327ellsworthkanopolisgeneseo,651bdc16-1e53-4fbf-a532-2384b2eb919e,10,TX,['KS'],True
Little Medical School South Texas,school,0.7757439017295837,,-98.7890625,26.90247688628,48247950400,Rural,2746,True,0.8112,0.0,True,0.0023059392973723,south-central-tx,2,littlemedicalschoolsouthtexas,de839d4d-a7a7-4b24-bc45-172b56b049b6,11,TX,['TX'],False
Moe & Gene Johnson High School,high_school,0.9722161889076232,open,-98.4375,27.059125784374,48047950100,Rural,2236,True,0.9109,0.0,True,0.0033428802628112,south-central-tx,1,moegenejohnsonhighschool,2b483ffc-45d6-41a3-9e15-252141a28c15,7,TX,['TX'],False
Secretaría de Educación de Tamaulipas,school,0.8152419328689575,open,-98.4375,28.921631282421,48013960102,Rural,3771,True,0.842,0.0,True,0.0016589504784023,south-central-tx,2,secretaradeeducacindetamaulipas,7e75bd8c-ad35-4f1f-9a4e-1be03438942c,9,TX,['TX'],False
